{"cameraMode":{"drawMode":0,"name":"Shaded","section":"Shading Mode"},"sceneLighting":false,"audioPlay":false,"sceneViewState":{"m_AlwaysRefresh":false,"showFog":true,"showSkybox":false,"showFlares":true,"showImageEffects":true,"showParticleSystems":true,"showVisualEffectGraphs":true,"m_FxEnabled":true},"in2DMode":false,"pivot":{"x":0.34938371181488039,"y":-0.2594514489173889,"z":-0.6767473816871643},"rotation":{"x":0.20329779386520387,"y":0.7958241701126099,"z":-0.3817904591560364,"w":0.42376917600631716},"size":1.5179927349090577,"orthographic":false}